Symbol,q1_max,q2_max,q3_max,q4_max,q1_mean,q2_mean,q3_mean,q4_mean,q1_min,q2_min,q3_min,q4_min,q1_std,q2_std,q3_std,q4_std
A,54.1,60.81,66.17,70.59,50.47564516,56.95873016,62.29047619,67.49301587,46.49,52.33,58.57,64.87,2.102146928,2.803192012,2.378390909,1.152210547
AAL,49.59,51.43,54.22,53.03,45.24322581,46.48873016,48.37015873,49.82507937,40.35,40.9,42.92,45.74,2.343530176,2.754183031,3.194845896,2.19169832
AAP,174.79,151.47,118.41,104.02,160.695,137.2952381,100.9474603,91.97333333,147.8,116.05,87.08,79.38,7.899174215,9.416554205,6.648064955,7.689563518
AAPL,144.12,156.1,164.05,176.42,131.7125,147.8753968,155.3046032,167.148254,116.02,140.68,142.73,153.48,9.181703686,4.947394826,5.815465428,7.535048117
ABBV,66.55,73.18,89.22,98.21,62.86983871,67.22793651,76.13269841,94.24539683,60,63.45,69.85,89.56,2.021419313,2.788296485,6.742742384,2.605450754
ABC,92.23,96.38,95.22,93.79,87.88548387,89.05428571,84.81126984,82.71460317,81.53,80.94,78.04,73.23,2.945716911,4.537754068,6.165833667,5.863650692
ABT,45.72,49.27,53.64,57.47,43.23290323,45.26555556,50.17539683,55.41825397,39.05,42.67,47.94,53.68,2.063436881,2.055076153,1.509068101,0.897528038
ACN,126.48,127.77,138.16,154.2,119.3948387,121.824127,130.3136508,144.9255556,113.21,114.86,122.94,134.25,3.871091997,3.480066108,4.04882233,5.620103827
ADBE,130.13,145.41,156.87,185.4,117.3656452,136.918254,149.2557143,172.0393651,103.48,129.05,138.41,147.94,6.774574119,4.954482994,4.233998611,11.50287003
ADI,83.85,85.76,86.17,93.07,78.53443548,79.45666667,80.65730159,88.57730159,71.32,75.51,76.11,84.79,4.426007721,2.226917441,2.536400934,2.097394087
ADM,46.97,45.8,44.09,44,44.80467742,42.93698413,42.12603175,41.13873016,43.44,40.63,40.29,38.96,0.795224925,1.608795016,0.847365061,1.643026802
ADP,105.11,105.16,118.91,118.64,101.9954839,101.2238095,107.0921429,114.3439683,95.25,96.46,101.305,109.32,2.544489821,2.175388307,4.04155778,2.655072163
ADS,249,263.01,264.57,253.48,237.0556452,248.9914286,232.4930159,232.1939683,221.7,234.66,210.43,220.14,8.112773701,9.030887296,15.83035739,8.824010598
ADSK,88.93,113.89,116.48,130.24,83.68290323,98.94809524,110.3157143,116.5977778,76.18,83.54,99.36,103.8,2.981397729,10.07028379,3.630436619,8.354522523
AEE,56.19,57.17,60.91,64.54,53.52016129,55.52238095,57.79714286,61.44984127,51.69,54.21,53.75,57.93,1.32350812,0.900757234,2.131203982,1.822280114
AEP,67.84,72.67,74.55,77.63,64.76790323,69.46936508,71.24301587,74.71698413,62.12,67.15,68.17,70.29,1.761787595,1.968949182,1.836416246,1.888595343
AES,11.93,11.95,11.43,11.29,11.42306452,11.48444444,11.15730159,10.81825397,11,11.04,10.68,10.23,0.236709608,0.25705389,0.153855885,0.268643784
AET,134.11,152.98,163.21,182.73,125.5601613,141.3488889,156.2522222,171.8179365,116.71,127.28,151.98,151.44,4.695949944,8.343200073,2.835512382,9.152359851
AFL,72.98,79.26,84.26,89.26,70.87145161,75.14507937,80.53206349,85.35801587,67.14,72.19,77.12,81.97,1.302054929,1.839591358,2.077129035,2.065058685
AGN,249.32,248.91,256.15,210.98,232.875,234.9846032,232.5544444,179.4493651,210.8,218.73,202.66,163.58,12.69848148,8.254363621,14.68870048,14.16426442
AIG,67.2,64.25,66.06,65.13,64.20548387,62.15492063,62.31301587,61.42904762,60.85,58.98,58.27,58.11,1.735240029,1.474186351,2.044210262,2.058796794
AIV,46.53,44.99,46.45,45.47,44.73983871,43.78269841,44.80634921,44.20428571,43.11,42.64,42.42,43.15,0.764943997,0.702401885,1.098568426,0.574764227
AIZ,100.85,105.3,106.27,101.8,96.72854839,99.58095238,99.96730159,98.83603175,90.45,92.68,87.74,95.29,2.211100792,3.641259847,5.310833786,1.864530158
AJG,57.76,59.01,61.63,66.96,55.11903226,56.5215873,58.82666667,63.87269841,52.24,54.73,56.76,61.6,1.723672889,1.042554565,1.247346862,1.597276115
AKAM,71.12,62.5,53.28,66.82,65.70532258,52.77111111,47.83126984,55.35126984,59.7,47,44.91,50,3.004274942,5.221385341,2.125573541,4.764049677
ALB,106.21,115.4,136.31,144.58,97.31112903,108.7514286,118.8877778,135.6311111,88.05,103.62,106.03,127.48,5.710352148,3.193750378,7.415374927,4.721227325
ALGN,114.71,153.5,188.78,264.23,101.0150806,135.6179365,171.1990476,227.1446032,89.98,113.73,149.03,185.98,7.506848485,13.14553268,11.85302367,24.73770348
ALK,100.24,92.37,94.63,81.52,94.60822581,87.66936508,81.76603175,71.11079365,86.98,82.19,72.24,61.68,2.680751989,2.570902862,7.146380663,6.42622633
ALL,82.89,89.82,94.7,104.91,78.69629032,84.75507937,90.97380952,98.50015873,73.09,79.73,86.45,91.25,3.316264556,3.02461561,2.166535385,4.589911972
ALLE,75.86,82.17,86.47,89.56,70.61854839,78.2968254,80.82984127,83.78952381,64.5,74.13,77.09,79.56,4.067887778,2.066848017,2.145293793,2.690506265
ALXN,144.77,133.41,146.69,143.84,128.9246774,116.3869841,135.8606349,121.7831746,118.53,97.7,121.08,106.78,6.235278457,9.41757462,6.89196467,12.74423055
AMAT,39.57,47.43,52.09,58.8,35.91241935,42.4984127,45.21873016,54.17460317,31.94,37.52,41.01,49.77,2.166741669,2.671704908,2.059212574,2.44467217
AMD,15.2,14.64,14.76,14.26,12.69387097,12.22388889,13.04730159,11.68587302,9.75,10.04,12.05,9.9,1.559719768,1.246816412,0.663478629,1.402753496
AME,55.31,62.86,66.4,72.87,52.74193548,58.93396825,63.21746032,69.66555556,49.18,53.2,60.91,66.29,1.802639994,2.957639392,1.620445944,2.029791645
AMG,170.91,166.45,189.83,206.51,158.2319355,159.6406349,177.8160317,193.7887302,141.34,149.51,166.18,182.86,9.869687961,4.797323808,5.016849847,6.240676786
AMGN,182.6,174.07,191,188.59,166.161129,162.6495238,177.1849206,176.974127,150.73,153.02,167.29,168.79,9.509939081,4.988039704,6.532602572,5.437791486
AMP,134.6,132.12,148.8,171.7,123.7590323,126.9831746,139.6557143,160.2385714,111.55,120.79,129.15,148.67,7.808195717,2.878858883,5.24093402,6.795422999
AMT,121.54,135.75,148.05,152.72,110.0082258,128.0969841,139.228254,142.7560317,103.01,120.64,130.93,135.86,5.89567041,3.792517521,4.5940865,4.269635302
AMZN,886.54,1011.34,1052.8,1195.83,833.4964516,954.157619,982.3595238,1100.454603,753.67,884.67,938.6,957.1,25.82410026,38.86306953,27.09682849,81.10034123
ANDV,89.08,94.45,105.28,115.36,83.77306452,84.36190476,98.41619048,107.5040476,79.61,75.49,92.72,103.55,2.660389216,5.452252821,3.512886153,3.16083261
ANSS,108.36,129.54,132.01,153.4,100.1762097,117.8109524,125.5673016,141.5685714,93.24,105.17,120.47,123.78,5.833782529,7.833386306,2.974469975,9.447628966
ANTM,169.2,193.36,197.43,234.96,159.0732258,179.6784127,190.3988889,212.9846032,142.79,164.75,181.44,183.76,8.119840056,8.645361651,3.735362448,14.78472379
AON,119.24,136.8,146.95,152.38,115.3946774,126.431746,139.5434921,142.3350794,111.17,118.1,132.97,133.3,2.323420823,6.208511987,3.487579879,5.313198986
AOS,52.17,57.52,59.55,63.42,49.61241935,53.98952381,56.09031746,60.68619048,47.19,49.56,53.46,58.41,1.352766062,2.336002533,1.887966963,1.137789918
APA,63.78,53.99,50.22,45.85,56.205,49.28793651,44.03031746,42.08484127,49.41,45.63,38.37,39.42,4.923288502,2.101058995,3.642266207,1.861372839
APC,71.74,62.9,49.93,54.1,66.54032258,53.04603175,44.1,49.17126984,59.94,43.79,40.52,47.11,3.671958859,5.913953849,2.303087689,1.732893806
APD,148.81,147.22,151.53,164.62,140.9590323,142.1503175,146.4698413,159.2487302,134.94,134.3,142.13,152.2,3.552672377,3.825155687,2.620422579,3.977035081
APH,71.89,76.18,84.64,91.04,69.21032258,73.01746032,78.58126984,87.9852381,66.6,68.65,72.48,84.77,1.573466433,2.179815743,3.108370848,1.509538337
APTV,,,,88.77,,,,85.1,,,,83.05,,,,1.194733542
ARE,120.47,121.6,122.09,134.03,112.9454839,116.375873,120.111746,125.9487302,108.18,110.75,117.21,118.74,3.274714192,2.871798714,1.156531996,3.662789564
ARNC,30.55,28.16,26.79,27.62,25.62064516,26.56920635,24.9584127,25.36777778,19.19,21.84,22.84,23.2,3.313988668,1.303024152,0.826032504,1.31361904
ATVI,50.19,61.16,66.16,66.73,43.93548387,55.22571429,62.39,63.23047619,36.64,48.42,56.26,58.6,4.54247267,4.151966388,2.315191764,1.706407685
AVB,186.75,199.1,194.28,188.11,179.415,191.1911111,187.2922222,181.4957143,169.61,183.53,178.16,175.55,4.153383669,3.347031478,3.987594248,2.773009146
AVGO,226.45,254.95,257.01,284.62,205.9190323,231.9861905,247.2396825,259.9598413,174.28,209.2,229.76,239.5,15.37296261,12.02004367,6.027280446,11.77123839
AVY,81.85,88.78,99.93,117.1,77.65822581,83.71031746,94.09095238,108.0914286,70.14,79.48,88.82,98.79,3.569318034,2.455478383,2.529242341,5.776477288
AWK,78,82.63,82.92,92.25,74.27935484,78.59539683,80.93380952,88.3668254,70.57,75.25,77.6,81.75,2.308153666,1.865186859,1.386085726,2.689540568
AXP,81.92,84.24,90.46,99.7,78.17903226,79.12444444,85.95650794,95.23888889,75.32,75.55,83.74,90.54,1.498161397,2.163064417,1.503845778,2.813422959
AYI,239.93,204.06,206.68,178.33,211.2404839,176.5442857,186.3438095,166.3915873,198.59,162.78,157.66,156.41,8.658706682,8.246503211,14.39506461,5.741122237
AZO,793.68,722.45,595.11,721.89,740.4898387,651.0180952,532.6273016,639.1990476,712.72,559.67,493.15,583.17,25.11585062,51.76369586,25.84693893,50.73480442
BA,183.91,202.23,256.45,297.9,170.3259677,186.167619,233.0955556,270.7133333,156.97,175.62,198.59,255.46,8.760467923,7.328838467,16.72378225,14.04842466
BAC,25.5,24.32,25.45,29.88,23.73145161,23.31571429,24.2752381,27.56531746,22.05,22.23,22.89,25.45,1.02984138,0.545576683,0.591724808,1.325290252
BAX,52.3,61.38,64.61,66.05,49.17709677,56.80253968,61.75857143,64.21126984,44.44,52.29,59.5,61.45,2.377306223,2.801098269,1.419532928,0.972417161
BBT,49.7,45.61,48.36,50.45,46.72241935,43.42079365,45.97507937,48.27404762,44,41.65,43.66,46.13,1.311592307,0.867129677,1.130817394,1.40656349
BBY,49.15,61.25,62.47,68.47,44.68548387,53.41730159,57.3231746,59.17349206,42.14,47.97,52.59,54.65,1.268368873,3.905106337,2.786892029,4.3348543
BDX,185.34,195.15,205.63,228.21,178.6708065,187.2103175,198.6601587,214.6604762,164.8,177.07,191.56,193.73,5.788345073,4.917395707,3.19997303,9.703857302
BEN,43.91,44.87,47.28,45.07,41.49354839,42.72809524,43.80698413,43.30698413,39.74,40.59,41.04,40.45,1.14631712,1.17022862,1.696402869,1.411145308
BF.B,48.95,56.92,54.65,68.78,46.4683871,49.03539683,50.74380952,59.61603175,43.96,45.47,47.27,53.66,1.373373486,2.529361022,2.607005716,4.941465611
BHF,,,70,63.63,,,59.99224074,59.16650794,,,53,54.97,,,5.210489817,2.084389876
BHGE,,,57.68,36.86,,,35.83825397,32.08634921,,,32.54,29.73,,,3.197235973,1.934901266
BIIB,299.02,286.89,329.69,344.58,282.7472581,264.4239683,296.111746,320.8049206,264.23,246.54,271.76,307.64,9.605106424,10.15449043,17.65280728,9.645297345
BK,48.71,51.02,54.04,54.97,46.76870968,47.82761905,52.48047619,53.2684127,43.87,46.2,50.28,50.82,1.287719402,1.277556532,0.889351755,1.291573442
BLK,397.81,428.38,447.09,518.86,382.5253226,398.8438095,426.7663492,486.0885714,371.64,377.1,412.19,449.95,5.998382218,17.22321197,7.75866473,20.44633155
BLL,38.6,42.52,42.92,42.93,37.3241129,39.50865079,40.98238095,40.57888889,36.14,35.765,39.06,37.56,0.699671776,2.084961748,1.047529681,1.6294449
BMY,60.13,57.33,63.74,65.35,54.84822581,54.41619048,58.38952381,62.54825397,46.82,51.66,54.24,59.94,3.350175686,1.195145326,3.119678658,1.39094368
BRK.B,177.28,171.55,183.82,199.56,167.3053226,166.3277778,176.7230159,189.8803175,158.81,161.26,169.24,181.06,5.125270314,2.481514525,4.296633204,5.711577085
BSX,25.41,28.25,29.17,29.8,24.31596774,26.53984127,27.62206349,27.58111111,21.88,24.42,26.26,24.79,0.879479093,1.223539936,0.872092698,1.708422316
BWA,43.95,44.36,51.23,55.68,41.38983871,41.18412698,46.39666667,52.52460317,39.5,37.99,43,50.92,1.050073365,1.698158049,1.987975141,0.954189109
BXP,139.88,136.87,124.95,130.96,132.5932258,126.4471429,121.1355556,125.4034921,127,120.27,117.7,120.68,3.156752728,5.364159865,1.559156904,2.497516288
C,61.55,66.98,72.74,77.1,59.14483871,61.32873016,68.27269841,73.94777778,55.68,57.72,65.95,71.33,1.762075659,2.238067637,1.722225873,1.478223044
CA,33.25,35.8,35.03,34.29,32.17822581,32.35333333,33.07333333,33.19047619,30.95,31.04,30.85,32.12,0.57773306,1.0591704,1.02720416,0.600304838
CAG,41.5,40.93,35.5,38.21,39.91403226,38.73507937,33.9731746,35.5184127,38.29,35.76,32.43,33.32,0.937494848,1.289413311,0.694231591,1.70116583
CAH,83.8,82.71,78.69,68.24,78.71032258,75.46888889,70.68873016,61.82698413,72.47,71.6,64.36,55,3.463447523,3.424023341,4.908626538,3.484967087
CAT,99.02,107.6,125.23,158.42,94.66290323,101.5839683,115.1649206,138.7014286,91.39,92.27,106.51,124.72,2.189177095,4.40001706,5.61315272,8.505296046
CB,140.38,147.58,149.87,155.19,134.5,140.7506349,144.7144444,149.4033333,128.48,135.48,134.88,144.7,3.169194447,3.975251209,3.072778389,2.748306223
CBG,36.43,37.13,38.42,44.2,33.44258065,34.77984127,36.7831746,41.45222222,30.04,32.48,34.91,38.22,2.340869206,1.163998243,0.896902961,1.923508592
CBOE,81.07,91.4,107.63,127.62,78.18725806,85.36206349,98.4384127,117.0677778,73.01,80.32,91.91,108.17,2.080996112,3.217683077,5.210011518,6.528453466
CBS,69.36,69.51,67.56,60.53,65.62629032,63.97730159,63.14412698,57.51111111,62.26,60.34,56.92,54.46,1.938470103,2.856507119,2.980314789,1.388611643
CCI,94.62,104.59,108.44,114.03,89.46725806,98.24825397,102.2846032,107.9015873,84.36,93.69,96.64,99.65,2.765830839,3.397428601,3.175157515,4.330045894
CCL,59.29,66.45,69.48,68.24,55.91725806,62.31111111,66.85873016,66.25793651,52.14,57.47,63.5,64.1,1.723769382,2.6843003,1.436025532,0.858382122
CDNS,31.93,35.52,39.47,45.6,29.18193548,33.27603175,36.84269841,42.98380952,25.34,30.85,33.07,39.7,2.482421371,1.315083144,1.653344808,1.38225672
CELG,126.88,134.31,145.82,146.52,119.6712903,122.5288889,136.2404762,112.8353968,111.53,114.41,127.43,98.17,4.278042483,5.07219877,4.954054523,15.52964531
CERN,59.29,68.32,71.94,73.57,54.04725806,63.8952381,66.35333333,69.1031746,47.55,58.31,61.6,64.78,2.860041367,3.230026394,2.719594965,2.601070391
CF,36.85,29.86,35.96,43.07,32.61596774,27.54428571,30.91761905,37.74539683,28.68,25.51,27.58,34.2,2.578876016,0.959044744,2.278604351,2.30993983
CFG,39.59,37.36,37.87,42.63,36.49016129,35.45777778,34.97539683,39.10722222,34.12,33.24,32.08,36.57,1.256189257,1.188677015,1.44306442,1.990887462
CHD,50.34,53.75,53.8,50.18,47.79387097,51.11126984,50.77015873,46.88730159,43.47,48.75,48.04,43.32,2.399597203,1.42734187,1.638600398,1.852024356
CHK,7.18,6.32,5.12,4.35,6.076129032,5.367777778,4.285396825,3.895873016,4.94,4.5,3.61,3.51,0.701729374,0.455335553,0.443373524,0.197072403
CHRW,80.86,77.7,76.1,89.5,76.82516129,70.84730159,69.30690476,81.62444444,72.85,66.97,64.98,75.02,2.366691501,3.58309796,3.155895204,4.50132159
CHTR,333.15,353.03,402.5,371.09,318.5198387,333.6061905,372.2074603,339.7404762,285.77,313.11,328.67,316.29,11.22190576,8.906266085,22.59938694,14.65093946
CI,154,170.68,187.62,211.73,147.3616129,160.6661905,178.08,199.0244444,135.72,149.39,167.5,184.99,3.757021926,6.346150072,5.36995735,6.974651749
CINF,76.07,73.89,80.52,77.5,72.49298387,70.93984127,76.03253968,74.44142857,69.73,68.69,71.84,70.17,1.826989699,1.289202669,2.304703443,1.737246484
CL,74.44,77.23,73.94,75.99,69.99887097,74.2452381,72.0747619,73.01761905,64.53,70.76,70.78,69.2,3.598979867,1.787855859,0.781553162,1.557953283
CLX,138.66,141.15,139.04,149.69,129.5353226,134.9426984,134.3885714,136.0571429,118.72,130.09,129.33,125.32,7.498211091,2.655676942,2.605780706,7.918292914
CMA,74.58,74.62,76.26,87.74,69.79483871,70.18952381,71.67174603,80.48087302,65.37,65.21,64.46,74.8,2.217170507,2.200433556,2.739214945,4.015790158
CMCSA,38.2975,41.99,41.9,40.82,37.10955645,39.4102381,39.38253968,37.59238095,34.525,37.14,36.93,35.15,0.849206178,1.421820853,1.24366001,1.542295853
CME,127,127.44,135.86,153.41,120.2701613,119.597619,126.3271429,142.4168254,114.4,115.12,120.17,133.85,3.042979823,3.705598952,4.226710545,6.341786872
CMG,445.52,496.14,417.33,329.3,412.6333871,463.9896825,336.8238095,298.2252381,374.77,413.98,297.09,268.7,12.65277446,22.36573135,34.47231144,17.96498762
CMI,154.51,164.1,168.35,180.35,148.0222581,155.182381,161.8644444,171.0038095,137.42,144.34,150.79,159.41,5.123425282,5.100639022,5.423616451,5.131341216
CMS,45.28,48.25,49.1,50.55,43.31758065,46.23190476,47.20031746,48.43285714,41.51,44.82,45.57,45.97,1.202351092,1.082610133,0.992885934,1.171522897
CNC,72.42,84.15,98.16,103.02,66.93290323,75.49015873,86.12587302,96.88063492,58.31,69.77,79.42,90.56,3.786174759,3.362212929,4.764042278,3.415317901
CNP,28.09,28.93,30.45,30.01,26.59548387,28.05380952,28.86603175,29.15468254,24.59,27.17,27.16,27.77,1.00854493,0.431488155,0.928751399,0.570431976
COF,96.12,85.8,87.94,100.5,89.1,81.26793651,82.40492063,91.25492063,82.13,76.92,78.21,84.59,3.052187069,1.962488676,2.353411986,4.612074571
COG,24.24,25.08,26.96,29.44,22.68758065,23.61444444,25.39714286,27.44738095,20.77,21.5,24.26,24.425,0.76343848,0.902213725,0.881259049,1.381673791
COL,99.3,109.05,134.89,136.02,94.00887097,103.5711111,121.7963492,134.0314286,89.21,96.63,105.4,131.46,3.248558876,3.075363137,9.670432372,1.222404897
COO,201.14,246.76,254.9,244.43,190.0135484,217.2968254,244.4287302,233.8952381,175.15,196.29,231.6,217.88,7.841198908,18.29641661,5.403455732,7.115453164
COP,51.22,50.15,52.68,56.23,48.32532258,46.63714286,45.03746032,51.42968254,44.1,43.07,42.5,48.86,2.070381859,1.864651164,2.303571539,1.882546292
COST,177.98,182.45,164.42,192.73,167.59,172.3068254,157.055873,172.6360317,159.73,157.13,150.44,154.61,5.147500109,6.910443202,4.022359136,11.76867912
COTY,20.04,19.95,20.54,20.15,18.90725806,18.52603175,18.09333333,17.07031746,18.13,17.05,16,14.36,0.400905407,0.688845551,1.489845197,1.601428766
CPB,63.84,58.96,54.19,50.32,60.49548387,56.61730159,50.65857143,47.52793651,56.91,51.99,45.13,45.37,2.11485044,1.550492332,2.785835056,1.440497404
CRM,83.81,91.39,97.71,108.8,79.885,87.08380952,91.98968254,101.9101587,70.54,82.31,86.1,93.94,3.362502849,2.424434373,2.86514818,3.821316904
CSCO,34.44,34.39,33.76,38.74,32.43,32.57698413,31.83190476,35.72238095,29.98,31.21,30.37,33.26,1.755433719,1.022062486,0.750347999,1.939166527
CSRA,33.05,32.47,33.66,32.68,30.66532258,29.95111111,32.23555556,30.22777778,28.38,27.68,31.16,27.53,1.415805069,1.454801961,0.612487729,1.426127674
CSX,49.79,54.59,55.19,57.69,45.71741935,51.39857143,51.48793651,53.12730159,35.89,46.4,48.14,48.63,4.017157439,2.475108246,2.11121289,2.299009048
CTAS,126.98,131.35,144.28,159.88,118.3701613,124.4307937,133.2169841,152.0774603,113.67,120.17,123.73,145.43,3.732018525,2.755504346,4.443934117,4.331290119
CTL,26.06,27.31,23.97,20.35,24.39983871,25.12444444,21.05238095,16.95595238,22.45,23.6,18.32,13.62,1.073953157,0.794638846,1.908552664,2.106417586
CTSH,60.25,67.91,72.84,75.67,57.49225806,63.53396825,70.23111111,73.07936508,51.68,57.78,66.29,70.32,2.032399389,3.686286067,1.593847152,1.420603998
CTXS,95.74,87.48,82.78,88.63,83.97564516,82.86698413,77.67753968,84.69730159,71.24,78.32,74.52,78.3,5.822742473,2.116596198,2.286356955,2.915778105
CVS,83.92,82.79,83.31,80.91,79.83435484,78.96015873,79.09206349,72.70333333,74.8,75.95,75.35,66.8,1.918380995,1.82370634,1.908810775,3.062169798
CVX,117.85,109.43,117.99,125.98,112.1664516,105.9390476,109.1409524,118.5803175,106.28,103.11,103.04,113.54,3.249539234,1.631714628,4.516512612,2.855076389
CXO,144.46,134.01,132.25,153.92,134.6106452,126.3895238,120.317619,139.0244444,125.18,113.88,108.05,130.12,5.438702796,5.604385791,7.851795914,5.640074862
D,78.65,81.41,81.34,84.91,75.64677419,78.60587302,77.81571429,81.01253968,71.68,76.57,75.6,75.95,1.812046008,1.354443863,1.215643616,2.204822404
DAL,51.44,53.87,55.48,56.43,48.81741935,49.00063492,49.84126984,52.24150794,45.52,44.03,45.21,48.07,1.812323873,2.96190701,2.766987119,2.283605249
DE,111.22,127.9,132.41,158.75,108.3496774,117.3504762,123.3561905,139.9277778,104.05,107.54,115.44,127.29,1.910218396,6.907176826,5.08177275,10.79265408
DFS,73.94,67.95,64.48,77.5,70.2016129,61.93793651,60.64666667,68.79603175,66.79,58.69,57.66,63.81,1.582722487,2.758684913,1.561663712,4.464628562
DG,77.86,78.91,81.05,93.38,73.23790323,72.03142857,74.90904762,85.97611111,68.55,68.35,69.04,79.18,2.404244973,2.387498932,2.84447269,4.513371124
DGX,99.74,111.16,110.79,100.24,95.32548387,105.732381,106.1387302,94.80095238,90.54,97.11,91.96,90.86,2.884095834,4.176618757,4.25727328,2.845852508
DHI,33.85,34.57,39.93,51.45,31.015,33.40174603,36.4515873,46.58206349,27.56,32.28,34.36,39.98,1.941555697,0.51014084,0.934058447,3.877924353
DHR,87.76,86.84,88.45,94.62,83.95983871,84.43174603,83.48396825,91.72222222,78.78,81.7,79.29,85.26,2.575503447,1.402718029,2.382300013,2.771187264
DIS,113.39,115.84,110.61,111.81,110.1048387,109.5026984,102.8666667,103.0179365,106.08,103.94,97.06,96.93,1.73925247,3.668819009,3.759573586,4.235982637
DISCA,29.62,29.4,27.18,23.73,28.04209677,27.07396825,23.54888889,19.53325397,26.34,25.11,20.8,16.28,0.656503748,1.416717628,2.061626441,1.925547923
DISCK,28.87,28.9,26.21,22.47,27.39032258,26.38420635,22.45190476,18.40492063,25.76,24.39,19.62,15.27,0.602293343,1.459832681,2.194236481,1.867740461
DISH,64,66.19,66,54.32,61.82725806,63.05349206,59.12984127,49.84301587,58.02,58.04,52.15,46.49,1.205264639,1.788046473,4.453832526,1.66729512
DLR,108.33,120.54,126.04,123.88,105.1916129,114.45,115.5347619,117.7547619,99.36,105.88,109.36,109.31,2.044679777,3.54884261,3.415155906,3.811272693
DLTR,80,83.13,86.82,109.46,76.86129032,77.18952381,76.29650794,97.72587302,73.44,66.6,66.39,86.47,1.698554336,4.422613601,6.100048164,7.298034785
DOV,81.82,83.71,92.43,101.44,78.925,80.71809524,86.06126984,95.82174603,76.34,77.06,81.62,89.5,1.351430026,1.867645453,2.957285423,2.426424782
DPS,97.92,98.88,92.44,97.06,93.29419355,93.55857143,90.72126984,89.71031746,89.49,90.23,87.65,84.47,2.417538071,2.694452998,1.190407212,3.758327943
DRE,27.22,29.18,30.14,29.3,25.72209677,28.1015873,28.78603175,28.44587302,24.04,26.62,27.33,26.79,0.73931545,0.589352314,0.687429855,0.722470303
DRI,83.67,92.69,91.34,97.5,74.88903226,87.39174603,84.2,84.46619048,71.55,81.97,77.05,79.17,2.655833486,3.037896949,3.499579237,5.237641192
DTE,102.56,111.19,113.51,115.99,99.51741935,106.4496825,108.8753968,111.6630159,97.1,101.66,104.68,106.6,1.579258942,2.807554882,2.479450918,2.537720361
DUK,82.99,87.14,88.34,91.09,79.48548387,84.05698413,85.65206349,87.35238095,76.5,82.03,83.18,83.6,2.221957989,1.685810454,1.453459897,1.88523697
DVA,70,70.09,66.42,72.36,66.21048387,66.20444444,60.08746032,61.54349206,62.9,62.09,56.13,53.89,2.201581717,1.684105753,3.352998162,6.177416507
DVN,49.01,43.06,37.17,42.58,43.96709677,36.56555556,32.41015873,37.84246032,38.8,30.01,29.54,34.355,2.713814318,3.988358777,1.849016733,2.0699129
DWDP,,,70.41,73.32,,,68.43,71.11904762,,,64.68,68.57,,,2.066800222,0.805252343
DXC,,80.59,85.91,99.02,,76.72063492,81.99746032,93.35285714,,67.95,75.95,85.11,,2.227327976,3.250308158,3.427440232
EA,91.51,115.37,121.97,120.09,85.14322581,102.9933333,115.8303175,111.1565079,78.64,88.4,105.42,100.83,4.035362853,9.849599795,4.199944304,5.049809054
EBAY,34.28,36.14,38.59,38.99,32.5133871,34.21801587,36.35555556,37.11952381,29.76,32.05,34.03,34.38,1.433694006,0.850790685,1.342482988,1.145903543
ECL,125.87,134.61,133.3,137.42,122.2593548,129.1942857,131.5153968,133.0390476,117.86,124.47,128.61,130.23,2.546091747,3.402380909,1.172788001,1.855943994
ED,78.55,84.96,86.05,89.66,75.16790323,80.82888889,82.78253968,85.92714286,72.64,77.82,80.33,80.9,1.779472327,2.240966893,1.459729281,2.288127442
EFX,136.98,142.58,146.21,119.78,127.2074194,137.2561905,132.5668254,112.4065079,117.21,134.23,92.98,107.2,7.018107245,1.814433555,16.88751637,4.079906766
EIX,80.9,82.18,81.49,82.64,75.84903226,80.11412698,79.11507937,76.28150794,71.02,77.59,76.44,63.24,3.437651557,1.202856325,1.313523792,5.600620475
EL,86.53,98.19,110.35,129.62,82.6266129,91.76587302,102.6184127,120.1346032,77.33,83.5,93.86,108.2,2.610217593,4.674432736,5.363614335,7.619739185
EMN,81.47,86,90.49,93.42,78.64790323,80.59142857,85.15793651,90.86031746,75.92,77.25,82.77,87.3,1.413228065,2.061052704,1.433188593,1.468160983
EMR,64.15,61.38,63.89,69.98,59.70225806,59.29428571,60.33269841,64.8018254,56.14,57.44,58,59.02,1.961262908,0.911779038,1.593745038,2.748767217
EOG,105.48,98.57,97.32,109.41,99.72354839,92.08968254,90.2231746,100.7484921,93.38,87.04,83.15,95.76,3.622579507,3.204567792,4.074398758,3.648671172
EQIX,400.37,444.97,474.42,492.98,379.7709677,423.9033333,447.9221429,462.6698413,358.72,399.11,418.43,442.28,7.538467407,14.81089279,12.70156622,13.92461762
EQR,65.38,68.57,68.61,70.37,62.53193548,65.36126984,66.93730159,66.74936508,59.9,62.14,64.41,63.39,1.124386665,1.540572257,0.971098823,1.680309949
EQT,65.86,63.89,67.02,65.91,61.30370968,58.18047619,62.26904762,60.21365079,56.76,50.83,54.42,54.22,2.53584353,3.329527443,1.998842983,3.44282625
ES,60.01,63.24,64.11,65.81,56.85258065,60.72904762,61.69380952,63.22269841,54.25,58.86,59.82,60.21,1.79429509,1.329007287,1.157826702,1.582888546
ESRX,73.16,67.25,63.92,74.99,68.80516129,62.80968254,62.14650794,63.95396825,63.84,59.26,60.3,56.81,2.675016005,2.571265515,0.842598054,5.461412301
ESS,236.77,268.39,269.39,262.53,229.3651613,251.3814286,261.1822222,252.3144444,221.72,230.87,251.42,237.57,3.739305073,11.78015566,4.688865137,7.140088275
ETFC,38.27,38.03,43.61,50.54,35.86032258,35.36301587,40.61031746,45.90206349,33.55,33.22,38.45,42.75,1.200076798,1.238754102,1.121242065,2.712427884
ETN,74.2,78.08,80.61,81.51,71.03225806,76.20619048,75.45777778,77.73634921,66.88,73.51,70.44,74.95,2.020555369,1.216815554,3.47967622,1.236952944
ETR,76.81,80.45,80.34,87.42,73.29032258,77.40031746,77.39380952,83.77333333,70.44,75.14,75.06,75.68,2.103181016,1.628453619,1.46053396,2.91628741
EVHC,72.48,63.36,62.94,45.13,67.03080645,57.62634921,53.30936508,34.97325397,61.32,54.54,42.8,24.79,2.771610941,2.404866908,5.918079427,6.530395381
EW,99.14,120.15,119.58,118.18,93.92419355,109.5022222,114.4163492,110.0985714,89.49,93.09,108.87,101.38,2.646727982,8.867128394,2.672268157,4.732321553
EXC,37.18,37.21,39.62,42.39,35.72774194,35.67619048,37.51492063,40.29126984,34.85,33.5,35.52,37.84,0.448726502,0.973504525,0.857954945,1.227706348
EXPD,57.28,57.3,59.86,65.36,54.83983871,55.0315873,57.25460317,61.28444444,52.08,52.25,54.44,57.49,1.628278274,1.40552046,1.549664714,2.569313814
EXPE,131.2,154.43,159.5,153.4,122.081129,140.3596825,148.1579365,129.7612698,112.44,124.97,141.41,117.32,4.378710831,7.781130187,4.621103471,12.85891237
EXR,79.82,80.8,82.25,87.86,75.47354839,76.67857143,77.8152381,84.32857143,71.64,71.79,74.13,78.7,2.329447339,2.295172252,1.603157024,2.868128454
F,13.17,11.6,11.97,12.72,12.42306452,11.16603175,11.27873016,12.31301587,11.46,10.76,10.56,12,0.353834215,0.181076883,0.409946858,0.220195184
FAST,52.22,51.76,45.73,55.14,50.12491935,44.8915873,43.09777778,49.55190476,46.17,42.1,39.97,44.51,1.486605908,2.449240308,1.175046251,3.184658212
FB,142.65,155.07,173.51,183.03,133.6374194,148.6863492,166.8753968,176.7414286,116.86,139.39,148.43,168.42,5.954923004,4.466637727,6.236565387,3.703241761
FBHS,61.14,66.05,67.3,69.32,57.36274194,63.37238095,64.75396825,66.44452381,53.89,60.48,61.94,63.97,2.298447209,1.339755291,1.555522461,1.555258695
FCX,17.02,13.62,15.53,19.27,14.36887097,12.13650794,14.04746032,15.08698413,12.21,11.21,11.89,13.62,1.468352601,0.683721219,0.941810145,1.44926971
FDX,197.42,217.33,225.58,251.07,191.0135484,197.418254,212.9339683,228.6774603,184.61,183.56,203.55,214.45,3.129643093,9.956257967,5.053754446,10.68794512
FE,32.43,31.78,32.93,35.05,30.84725806,29.7068254,31.48301587,32.49460317,29.58,28.16,29.06,30.32,0.688122104,1.048834723,1.11819214,1.250034613
FFIV,148.79,141.02,129.35,135.49,142.6690323,130.9979365,120.7088889,124.2225397,132.34,125.9,115.56,115.69,3.788179938,4.036772968,4.430577444,6.180439479
FIS,83.84,86.77,95,96.62,80.42774194,83.64031746,90.88047619,93.99531746,76.98,79.13,85.45,90.47,1.768001947,2.078118697,2.005611023,1.314741135
FISV,117.89,125.71,129.27,132.34,112.26,120.9707937,124.2519048,129.1485714,105.38,115.19,120.36,125.52,4.071112951,3.368632489,2.128482617,1.764770713
FITB,28.75,26.07,27.98,31.36,26.65895161,24.71865079,26.53111111,29.16634921,24.73,23.62,24.97,27.67,0.862425638,0.586972966,0.595610587,1.065049297
FL,77.26,77.35,50.64,48.55,72.14258065,64.84492063,42.05952381,37.33507937,67.92,47.5,31.82,29.24,2.924130772,10.74435874,6.699049386,6.701805696
FLIR,37.05,38.94,40.66,47.81,36.04193548,36.47095238,37.9084127,45.65968254,34.15,34.66,34.1,41,0.622293059,1.028829141,1.268544005,2.177552613
FLR,58.17,52.74,50.62,51.76,54.5383871,47.85492063,41.6231746,46.5547619,51.39,43.77,37.23,42.5,1.688019689,2.973127425,3.223310173,3.257564327
FLS,51.85,51.14,47.25,45.38,48.46419355,48.22507937,42.05015873,41.85777778,45.22,44.04,37.58,38.63,1.845118992,1.596386922,3.069632474,1.999631776
FMC,69.59,76.77,92.14,95.54,59.62951613,74.22555556,82.81079365,92.67126984,57.03,70.38,73.55,87.99,1.9529905,1.501410925,5.469916937,1.93467551
FOX,31.82,31.57,29.22,34.72,30.04983871,28.3552381,27.14396825,29.21507937,28,26.53,25.38,24.43,0.822087491,1.45829978,0.902055967,3.407872704
FOXA,32.44,32.15,29.63,35.24,30.55766129,28.76015873,27.5431746,29.84079365,28.72,26.74,25.79,24.97,0.784226526,1.604211687,0.861863745,3.363522684
FRT,145.29,137.48,135.03,133.88,138.1804839,128.9812698,128.6046032,129.0396825,126.98,121.73,123.14,120.52,4.509722621,4.583056978,2.995677437,3.472788676
FTI,36.73,33.64,28.89,31.48,33.16274194,30.30492063,26.95825397,27.81015873,31.22,26.49,25.17,24.96,1.675893859,2.167569527,0.979737522,1.609006398
FTV,60.22,64.79,72.73,74.65,56.8716129,62.40761905,66.05285714,72.61396825,53.66,60.01,62.18,71.1,2.023927519,1.315028166,2.462062097,0.76327296
GD,193.27,204.52,206.8,213.86,184.8385484,195.871746,200.4633333,204.3174603,175.32,185.85,193.84,196.18,5.850296293,5.51539445,2.793764947,5.402039928
GE,31.7,30.27,27.45,24.8,30.20241935,28.60079365,25.22698413,19.92277778,29.39,27.01,23.72,17.36,0.673828517,0.953247931,0.956049727,2.476694724
GGP,26,24.26,24.07,24.05,24.46258065,23.03063492,21.88285714,22.26206349,22.66,21.61,20.5,19.01,0.971849573,0.694324627,1.074101918,1.442443222
GILD,76.38,71.92,85.47,83.52,70.31758065,66.54380952,76.46730159,75.9402381,65.59,64.12,69.25,71.15,2.588946672,1.997857262,5.215134058,3.869475711
GIS,63.19,58.83,57.68,60.18,61.13451613,57.06619048,54.82904762,54.08650794,58.79,54.97,51.23,50.1,1.232005798,0.863319603,1.645210756,2.939830014
GLW,28.2,30.5,32.13,32.64,26.60629032,28.73206349,29.61460317,31.48444444,24.19,26.32,27.87,29.67,1.22255743,1.159813888,1.047528313,0.906212924
GM,38.28,34.93,40.58,46.48,36.56370968,33.9547619,36.53920635,43.38238095,34.26,32.42,34.77,40.81,1.038650186,0.582715714,1.690886675,1.491386792
GOOG,852.12,983.68,980.34,1077.14,820.3882258,915.6244444,931.5844444,1017.919048,786.14,823.35,898.7,951.68,16.26017031,51.78227788,17.18421423,31.73425603
GOOGL,872.37,1004.28,998.31,1085.09,840.9757258,935.5043651,948.5660317,1032.479206,807.77,839.88,919.46,966.78,15.83669333,53.24260803,18.51144742,29.81836532
GPC,100.67,95.61,95.65,98.04,96.17290323,91.89539683,85.08460317,91.34,92.34,88.94,80.48,85,2.304467783,1.450109924,3.515842406,3.919396761
GPN,80.89,93.31,98.08,104.27,78.41112903,86.46492063,94.22714286,99.99650794,70.5,77.5,88.31,95.96,1.778212498,5.322433312,2.321693923,2.242830987
GPS,25.2,26.73,29.7,34.94,23.88225806,23.7968254,24.56507937,29.80825397,22.53,21.9,21.2,25.67,0.64613712,1.555017711,2.32009724,3.187337113
GRMN,54.15,53.58,54.04,62.92,50.34725806,51.25650794,51.77698413,58.66095238,47.35,48.69,49.99,53.83,1.647807455,1.041841048,0.9038995,2.75939259
GS,252.89,229.26,237.19,261.01,241.4567742,222.1933333,225.555873,245.2784127,225.48,211.26,215.84,235.11,7.991006374,4.723263634,4.532595438,7.077791757
GT,36.88,36.23,36.31,34.06,33.96306452,34.43666667,32.49619048,31.75603175,30.39,31.73,29.74,29.06,2.254710616,1.221049258,2.245930678,1.476296084
GWW,258.16,231.73,185.15,237.96,246.186129,188.7173016,168.6822222,206.8142857,230.35,169.51,156.25,172.5,7.829716272,18.8224391,6.97452587,18.0602879
HAL,58.21,50.15,46.03,48.87,53.7766129,45.92015873,41.94952381,44.08079365,47.78,41.5,38.66,41.02,2.758051667,2.260954332,2.194431684,2.091951012
HAS,100.55,111.91,115.95,98.19,92.60467742,103.0701587,101.4136508,93.80055556,79.8,95.5,92.67,88.69,7.418948208,5.407411429,7.193662153,2.593625889
HBAN,14.66,13.52,13.96,14.85,13.66322581,12.94190476,13.14634921,14.05,12.7,12.29,12.18,13.14,0.472928699,0.270905633,0.461628609,0.476983127
HBI,23.83,23.16,25.67,24.98,21.20129032,21.57492063,24.00746032,21.35333333,18.98,20.24,22.53,19.08,1.205935436,0.844811246,0.822247055,1.647115759
HCA,90.49,89.33,87.24,89.69,83.3833871,84.60190476,80.42349206,80.33634921,74.46,81.26,76.25,74.22,3.724840823,2.018852163,3.415700542,4.830697639
HCN,70.93,77.66,75.76,69.55,67.46935484,73.09936508,72.70888889,67.11785714,65.27,69.03,69.91,63.27,1.652317668,2.033724434,1.373952517,1.570753033
HCP,32.79,33.39,32.55,27.23,30.70758065,31.69698413,30.06777778,26.51365079,29.51,29.89,27.66,25.21,0.790819632,0.798174601,1.267659062,0.504017094
HD,149.6,158.81,163.56,190.36,141.8266129,153.3896825,153.3487302,172.6020635,133.53,145.91,144.58,162.71,5.164967409,3.645108507,4.609256637,9.362354639
HES,62.82,51.11,46.94,48.46,52.96919355,46.73825397,42.31047619,45.10984127,45.79,40.31,38.09,41.28,4.712121202,2.696748065,2.448882186,1.602410978
HIG,49.87,52.75,56.81,57.65,48.40145161,49.55793651,54.38507937,55.78603175,47.05,47.26,51.64,54.06,0.668442885,1.623100536,1.224713097,0.65691984
HII,219.47,205.62,226.44,251.96,203.2672581,195.5480952,208.5469841,235.8688889,189.05,185.22,191.38,229.93,9.787224387,5.805332048,8.458772624,3.212524438
HLT,59.46,67.41,69.5,80.45,57.69655738,62.23047619,63.74174603,74.18380952,55.4,56.6,60.82,68.86,0.877659549,3.546927989,2.418031417,3.328698975
HOG,62.94,62.05,54.83,51.84,58.73193548,55.64809524,48.66460317,48.62111111,56.25,51.86,45.93,44.78,1.674209222,2.758403499,1.861560068,2.001687281
HOLX,42.78,46.49,45.41,43.82,40.76919355,44.14087302,40.36301587,39.88634921,39.03,42.23,36.65,35.9,1.16490209,1.213445355,3.325194942,2.513365756
HON,127.25,135.84,141.75,155.96,122.2430645,130.605873,137.3807937,148.484127,116.18,122.5,133.37,142.55,3.792782442,3.883268757,1.988711937,4.463380621
HP,81.11,69.08,58.12,65.61,71.18645161,58.63698413,49.46777778,56.06142857,64.15,50.08,42.34,50.02,4.989607264,5.617366974,4.433654447,3.975649209
HPE,24.78,19.11,18.06,14.97,23.11983871,17.94698413,16.33047619,14.20650794,22.15,16.49,13.12,13.1,0.668495968,0.883443839,1.710565299,0.528699435
HPQ,17.88,19.47,19.97,22.46,16.17758065,18.35888889,19.03492063,21.2684127,14.58,17.27,17.19,20.09,1.176522642,0.636849886,0.633049132,0.489486915
HRB,24.45,31.34,31.51,28.99,22.36225806,26.24634921,29.04825397,25.95539683,20.05,22.95,25.69,23.86,1.365206307,2.545889984,2.055743755,1.00173531
HRL,37.87,35.43,34.42,37.68,35.67451613,34.45111111,32.69555556,33.62246032,34.15,33.12,30.7,30.15,0.961976581,0.473671695,1.251378308,2.557311919
HRS,112.55,113.82,131.8,144.5,106.9403226,110.1042857,119.9752381,139.595873,99.99,107.18,109.67,132.81,4.203997305,1.430524057,6.086750777,3.307681497
HSIC,86.77,93.285,92.845,84.53,82.83387097,88.84948413,86.99555556,73.95047619,77.675,83.775,79.14,66.5,3.141590573,3.187266094,4.214197118,5.798062643
HST,19.34,19.27,18.81,20.58,18.27129032,18.3484127,18.18619048,19.60007937,17.75,17.48,17.38,18.2,0.301588602,0.431860963,0.35828187,0.534135186
HSY,109.61,115.96,110.5,115.45,107.2253226,110.3288889,106.5269841,110.0226984,103.45,106.41,104.06,102.87,1.769383256,3.156050569,1.577533431,3.075496397
HUM,219.25,240.62,258.75,260.86,206.7477419,226.402381,245.3166667,246.9296825,195.24,209.77,231.2,233.28,6.687275762,9.190641754,8.003002461,6.967036434
IBM,181.95,174.52,155.58,162.07,175.3929032,157.6960317,145.7192063,152.1030952,165.52,150.37,139.7,146.48,4.639529861,7.220171238,4.050162204,3.656481257
ICE,61.55,66.14,71.07,72.07,58.51306452,61.33285714,65.92269841,68.65015873,56.22,58.07,64.3,65.24,1.3097836,2.246050604,1.158068757,2.050702863
IDXX,154.72,171.94,170.18,168.37,137.843871,162.3963492,158.101746,157.4052381,115.95,153.6,150.32,147.68,13.77324781,4.725320027,5.454372777,4.361388451
IFF,136.89,139.73,145.01,155.44,122.8183871,135.5966667,137.1877778,150.278254,115.26,128.98,131.69,144.47,6.220812554,2.71050882,4.166040684,2.881753241
ILMN,173.16,188.85,213.93,230.03,161.9725806,177.8760317,191.3801587,211.5360317,131.13,167.48,169,202.23,8.369771906,5.099081682,14.13817978,6.182963727
INCY,152.66,141.55,138.27,116.6,127.3177419,127.2492063,126.5161905,104.521746,102.32,115.19,109.15,93.56,12.45542178,7.50101978,7.646067813,8.217435935
INFO,41.95,47.86,48.43,45.59,39.55258065,44.56888889,46.09396825,44.11746032,35.92,41.78,43.72,42.45,1.447206394,1.738250985,1.277025955,0.838583614
INTC,37.98,37.43,38.08,47.56,36.18774194,35.78388889,35.54555556,43.63714286,35.04,33.54,33.46,39.04,0.704559901,0.846349583,1.154233132,2.689050335
INTU,128.01,142.81,146.32,161.13,119.8512903,129.6904762,138.0193651,152.4115873,114.75,115.81,131.1,141.74,3.616546439,9.272722993,4.0912538,5.286222569
IP,57.99,56.94,58.17,58.67,52.90774194,53.37031746,55.49587302,56.68936508,50.27,49.64,52.21,53.89,1.825081556,2.038513823,1.608839128,1.319678447
IPG,24.74,25.21,25.57,21.34,23.99080645,24.43746032,21.75015873,19.93809524,22.97,23.57,19.58,18.45,0.524467875,0.371500741,1.884223543,0.862952279
IQV,82.3,91.08,98.82,108.56,78.04032258,84.43174603,92.65619048,101.8,75.35,78.23,87.57,95,1.612283756,3.463123958,2.964491703,3.510050546
IR,81.98,92.59,93.73,95.61,79.36016129,87.73904762,88.39634921,88.12968254,74.9,81.22,83.77,83.36,1.798881704,3.19909499,2.937803273,2.860240216
IRM,37.71,36.54,40.38,41.44,35.4083871,34.98047619,37.36571429,39.68007937,33.1,33.31,33.34,37.15,1.305462915,0.697778569,2.128753773,1.21908099
ISRG,255.7731,318.053,348.7897,403.7,236.9849242,288.314373,326.8738143,375.4440524,209.8298,253.1131,307.2197,353.493,12.85452299,20.55573788,13.92360529,14.43854888
IT,111.93,124.61,129.53,125.6,103.0670968,116.064127,123.5884127,121.4357143,90.56,108.7,116.92,115.99,4.552464433,4.925848751,3.606589492,2.815081913
ITW,135.5,150.18,148,169.25,129.3469355,139.4688889,142.2120635,159.4829365,121.61,130.17,135.6,149.79,4.270993891,5.296368236,4.106845253,5.711579469
IVZ,33.35,35.4,36.53,37.67,31.25483871,32.5968254,34.14730159,36.18095238,28.92,30.03,31.69,34.47,1.058948972,1.582085012,1.405837147,0.777791983
JBHT,101.04,93.22,111.08,115.47,96.89387097,88.38698413,96.77,107.6957143,90.27,83.52,89.29,101.44,2.960538473,2.514166722,5.527173926,3.987650984
JCI,44.3,43.36,44.19,42.41,42.28129032,41.86047619,40.46015873,39.06873016,40.82,40.6,36.89,35.73,0.910189106,0.586026611,2.103551139,2.095994253
JEC,61.87,55.92,58.34,68.51,57.16774194,53.76412698,54.03174603,62.00809524,53.7,51.4,49.58,57.35,1.690441226,1.056710713,2.189197481,3.849855405
JNJ,128.96,136.43,136.57,143.62,119.4598387,127.5677778,132.521746,139.2906349,111.76,121.37,129.47,131.22,5.498980082,4.379169329,1.423722449,2.804711401
JNPR,28.9,30.89,29.96,29.61,27.89741935,29.07206349,27.99555556,27.01309524,26.45,27.56,26.62,24.4,0.536979822,1.066417214,0.71502262,1.550208214
JPM,93.6,91.4,95.51,107.83,88.22145161,86.28507937,92.21968254,101.2519048,83.3,82.15,88.42,95.86,2.688371344,1.821517334,1.56448999,3.903732646
JWN,48.92,50.01,48.97,48.47,44.66209677,45.49539683,46.4,43.07619048,41.61,40.14,43.77,38.3,1.478620466,2.872576581,1.295588047,2.914023064
K,76.44,73.49,70.36,68.29,73.51048387,71.62031746,67.29444444,64.10166667,71.38,68.69,62.37,58.87,1.267760938,1.223661834,2.042566995,2.545664404
KEY,19.36,18.9,19.37,20.44,18.30129032,18.09301587,18.09746032,18.85777778,16.9,17,16.47,17.64,0.548367126,0.527473084,0.704000019,0.78981918
KHC,96.65,93.77,88.19,81.92,90.13217742,90.67380952,83.63825397,78.56492063,85.91,85.64,77.52,75.27,2.199684147,1.742537479,2.936841369,1.300664685
KIM,26.07,22.72,21.02,19.46,24.02806452,19.61507937,19.60873016,18.71984127,21.59,17.3,17.85,17.95,1.314610007,1.707927317,0.68656342,0.435299274
KLAC,95.8,108.93,106,112.45,88.06758065,99.83,95.4747619,105.4114286,78.42,91.51,88.14,100.35,5.399851754,3.84293025,4.525307638,2.704787188
KMB,135,133.91,128.66,123.11,126.1095161,130.1050794,122.1109524,116.6307937,114.36,126.72,116.51,109.87,7.531988923,1.974575392,2.644275445,3.312869481
KMI,22.94,21.75,20.69,19.1,21.85403226,19.88142857,19.48,17.9431746,20.94,18.42,18.4,16.76,0.518789447,1.019227818,0.533430771,0.652327904
KMX,68.6,65.03,75.93,76.81,64.96645161,60.40746032,66.66126984,71.34492063,58.87,55.37,63.37,64.13,2.711420955,2.657904807,3.235179853,3.938541925
KO,42.6,45.99,46.87,47.43,41.71,44.18428571,45.48619048,45.96777778,40.44,42.41,44.33,44.8,0.540415748,1.104437843,0.609786924,0.441699228
KORS,43.56,38.65,48.55,64.03,39.35177419,36.30777778,40.62984127,54.80619048,36.02,33.05,33.25,47,2.535827555,1.370054678,4.570877128,5.875830052
KR,34.91,30.78,24.63,28.25,31.945,28.36714286,22.52904762,23.28769841,28.69,22.29,19.94,19.96,2.15378641,2.725738982,1.260473176,2.711854476
KSS,51.88,40.76,46.34,56.87,40.81854839,38.33253968,41.00238095,46.025,37.41,35.32,36.63,40.69,2.324267448,1.309568962,2.797082417,4.341214617
KSU,90.38,104.65,112.07,113.44,85.71725806,93.75126984,104.9809524,106.6449206,80.82,86,101.51,101.47,2.391000318,5.598206652,2.059792281,3.071807219
L,47.82,48.14,49.19,50.65,46.74532258,46.83857143,47.58873016,49.4147619,45.68,45.76,45.12,47.95,0.510399129,0.582400087,0.851349009,0.624672449
LB,67.34,54.41,55.57,62.95,55.77016129,50.69539683,41.47952381,49.99293651,47.1,43.1,36.06,41.28,5.516565364,2.471820424,4.181357793,6.946936992
LEG,50.58,54.04,53.8,49.45,48.84467742,52.19126984,48.33793651,47.20777778,46.99,50.1,43.5,45.38,0.980835572,0.962651734,2.969275006,1.040143359
LEN,51.9314,52.8725,53.5294,64,46.6895871,50.67989048,51.37596667,58.64230476,42.0784,48.7549,48.8921,51.7843,3.115314391,1.027136974,1.281826669,3.404178709
LH,144.27,154.14,163.95,163.95,137.8227419,142.5385714,155.385873,153.8247619,129.07,137.51,149.47,147.99,4.992153899,3.848944496,3.129110785,4.010486197
LKQ,33.05,32.95,35.99,41.19,31.10548387,30.91730159,34.07460317,38.27611111,29.27,27.94,31.39,36.26,0.89002243,1.547219365,1.087220228,1.496346477
LLL,170.81,173.94,190.32,199.05,161.8274194,166.9,179.4928571,190.3652381,145.71,160.69,168.99,183.09,7.758631774,2.521889972,6.030493862,4.283597319
LLY,85.88,86.25,85.54,87.89,80.09532258,81.58380952,82.01650794,85.08619048,74.58,76.98,77.07,81.94,3.718853921,2.359376919,2.00349063,1.533075581
LMT,272.03,283.65,310.29,322.82,261.9001613,274.721746,298.4025397,315.2614286,250.9,266.98,278.92,306.6,6.765860417,5.118806735,8.519407629,4.088480614
LNC,73.08,68.77,74.34,78.54,68.37951613,66.11968254,70.56873016,75.66365079,63.34,63.23,65.22,73.14,2.492878005,1.52181976,2.365261011,1.387783452
LNT,40.12,42.18,43.6,45.18,38.365,40.47079365,41.5984127,43.58507937,36.86,39.1,39.56,41.38,0.983302815,0.90781784,1.128054572,0.982565557
LOW,83.53,86.06,79.94,92.94,76.54241935,81.7352381,76.57761905,82.66571429,70.95,76.07,72.56,76.65,4.49032756,2.877523497,1.914258649,4.218525853
LRCX,128.7,164.97,185.04,218.91,117.5516935,146.6287302,162.2560317,196.5026984,107.08,125.17,139.29,180.53,6.043847091,10.2048555,9.470111479,11.90340724
LUK,27.2,26.36,27.09,26.65,24.97725806,25.44873016,25.03047619,25.76531746,22.85,24.39,22.27,25.05,1.373834134,0.596712748,1.410536879,0.428793199
LUV,58.88,62.14,64.24,66.09,53.77919355,58.18444444,56.12206349,58.80920476,49.46,53.07,50.71,53.25,2.732185397,2.534175935,3.727479542,4.22043109
LYB,96.38,90.69,99.78,111.16,91.26596774,83.05,89.9431746,103.7268254,86.88,78.91,83.05,97.26,2.387614531,3.106007706,4.336618582,3.892088263
M,35.84,30.01,24.2,26.85,30.90032258,25.62206349,21.97333333,21.93738095,27.93,21.6,19.49,17.53,1.692602001,3.186106006,1.213141749,2.673534247
MA,112.83,125.9,142.49,154.19,109.6104839,118.6249206,132.3292063,148.6985714,105,111.22,120.78,141.82,2.134512212,4.365171124,5.966307634,3.021400475
MAA,102.73,110.32,109.11,108.8,98.86048387,102.9655556,104.9285714,103.7992063,93.78,98,99.59,98.77,2.423952488,3.741682724,2.575391519,2.650837544
MAC,72.69,66.45,61.23,66.77,67.24854839,60.62460317,56.05746032,61.18571429,62.84,56.8,52.72,54.19,2.65733371,3.101865113,2.425555452,4.243477239
MAR,94.64,110.06,110.26,136.57,86.84725806,100.0693651,103.0790476,122.7726984,81.78,91.06,97.84,108.82,3.38511165,5.692714323,3.006303976,7.411313541
MAS,34.66,39.14,39.02,44.24,33.41258065,36.57666667,37.68460317,40.62968254,31.93,33.08,36.3,38.61,0.762659143,1.793869489,0.814503263,1.847812978
MAT,31.56,25.73,21.63,18.81,26.78306452,22.59634921,17.87515873,15.84746032,24.96,19.99,14.52,13.04,2.072281224,1.561628907,2.372076633,1.552631448
MCD,129.61,154.8,161.53,174.2,125.478871,144.5261905,156.7312698,167.9315873,119.48,129.29,151.85,156.86,3.238045406,8.432326321,2.248393327,4.617292254
MCHP,74.52,86.86,91.01,95.36,70.50709677,78.64095238,83.84079365,90.45761905,62.59,72.15,75.81,85.47,3.476801049,3.936217979,3.805046438,2.535484756
MCK,152.53,167.61,168.12,162.6,146.4664516,151.6125397,156.1131746,148.1439683,136.74,135,146,135.02,4.165723953,11.21663065,7.206521201,7.57825849
MCO,113.56,122.25,139.21,152.57,107.2377419,117.0298413,131.4301587,146.5390476,94.67,111.38,122.02,140.21,6.019107123,2.855590155,4.690462695,3.572095127
MDLZ,45.38,47.19,44.24,43.42,44.31370968,45.08952381,42.46444444,41.98666667,42.5,43.05,40.05,39.3,0.645336953,0.99971194,1.423978726,0.952314667
MDT,83.3,89.3,88.9,83.5,78.11290323,84.32285714,83.02634921,80.08920635,70.61,80.01,77.71,76.93,3.507168484,2.991201845,3.070685697,1.739401363
MET,56.15,55.06,56.17,55.73,53.48983871,52.04587302,50.96047619,52.67769841,51.39,49.81,46.68,50.56,1.085981451,1.136219872,3.56774051,1.140298428
MGM,29.79,34.16,34.27,34.22,27.73032258,30.91396825,32.16888889,32.22349206,25.43,27.12,30.3,29.69,1.367233617,1.94034794,1.003040718,1.327291881
MHK,231.9,246.65,259.69,284.82,219.7451613,235.9661905,248.9734921,268.296746,201.74,227.15,238.34,249.04,10.15149407,5.333748736,4.590915349,9.301915999
MKC,102.02,105.92,102.64,104.48,96.83548387,101.2004762,96.39301587,99.6431746,89.79,95.36,92.07,93.99,3.381318337,2.384132647,1.853455043,2.097855914
MLM,242,239.85,228.1,221.04,220.5983871,226.248254,211.4050794,209.3855556,207.04,210.11,195.54,201.51,8.830137513,7.338497372,10.53074345,4.905710885
MMC,75.14,80.27,84.22,85.97,71.45774194,75.51349206,79.26301587,83.12119048,67.41,71.88,76.88,80.62,2.806872958,2.438974638,2.065167833,1.176589767
MMM,193.01,213.36,213.76,243.14,183.4533871,200.0095238,207.3342857,230.108254,174.18,188.65,199.03,212.76,6.468368164,7.821918218,3.942008541,8.315633458
MNST,48.04,51.99,56.67,64.23,44.68225806,48.16984127,53.92,59.89634921,41.44,44.56,49.51,55.14,1.866227385,2.461018339,2.029342814,3.287998362
MO,76.45,77.71,74.61,73.9,72.37,73.16126984,66.65857143,67.0084127,67.51,70.22,61.22,62.55,2.727351444,2.285046405,4.545765792,3.374126031
MON,115.51,118.75,120.01,122.42,110.6753226,116.6912698,117.6650794,118.9784127,105.05,113.93,116.48,115,2.970552589,0.944494219,0.937026651,1.907930145
MOS,34.02,29.19,24.54,25.66,30.87193548,24.54619048,21.65126984,22.97746032,28.6,21.87,19.39,20.85,1.578887177,2.35927916,1.656429791,1.470204033
MPC,52.93,55.03,64.75,66.84,49.78419355,51.65619048,53.81984127,61.20261905,47.71,48.19,49.45,55.72,1.067357006,1.609575609,2.28010858,3.575794955
MRK,66.58,66.16,66.16,64.6,63.58080645,63.79396825,63.37285714,58.10015873,59.92,61.89,56.23,54.1,1.942625651,1.075818578,1.488089735,3.828959891
MRO,18.18,16.6,16.02,17.26,16.40322581,13.99142857,11.94436508,14.84952381,14.61,11.35,10.77,13.49,0.931888219,1.53987207,0.881574147,1.050786846
MS,46.83,45.72,48.31,53.85,44.3733871,43.12031746,46.38206349,50.57071429,41.58,40.69,44.01,48.1,1.638548882,1.231885479,1.111253519,1.64337572
MSFT,65.86,72.52,75.44,86.85,64.08629032,68.64825397,73.04587302,82.03031746,62.3,64.95,68.17,74.26,0.9738587,2.03642994,1.589526847,3.559114591
MSI,86.22,88.64,92.21,94.53,81.73580645,84.83793651,87.53650794,91.06301587,77.34,80.83,83.02,85.64,2.18447619,1.857847487,2.146670459,2.049957226
MTB,172.21,163.36,166.54,173.9,161.831129,157.7806349,157.1107937,165.92,152.68,147.93,142.47,157.1,5.331703233,3.556332323,6.525275251,4.825826354
MTD,486.9,601.16,635.17,689.11,457.0820968,547.8549206,600.5246032,639.7679365,414.52,473.87,571.25,606.8,25.9140865,44.8363701,19.39869307,20.14483318
MU,28.97,32.5,39.33,49.68,24.42258065,29.26349206,31.62031746,43.0768254,21.71,26.57,27.49,39.37,1.923868145,1.802679152,2.689514267,2.513870442
MYL,45.28,40.09,39.49,42.31,40.31185484,38.37396825,33.94603175,38.22587302,35.81,36.72,29.63,32.39,2.551114869,0.891939785,3.493642862,2.002523114
NAVI,16.85,16.65,16.81,14.96,15.32991935,15.08626984,14.58349206,12.63388889,13.92,13.64,13.14,11.62,0.790237821,0.782306849,1.028136678,0.693571545
NBL,40.3,35.36,29.71,29.54,37.02048387,31.1452381,26.30174603,27.37761905,32.82,27.76,23.02,25.54,2.342982846,2.400666478,1.955490649,1.105525294
NCLH,51.64,55.78,59.46,59.16,48.52258065,51.63888889,55.94222222,55.34555556,42.79,47.47,52.83,52.81,2.386919914,2.375749872,1.588664934,1.635346247
NDAQ,72.18,71.63,77.63,79.27,69.64225806,68.96555556,74.54507937,75.69650794,66.68,66.73,71.06,71.97,1.529309733,1.403454009,1.882011512,2.249758524
NEE,132.8,144.23,154.1,159.25,125.7606452,136.7130159,146.6,154.4277778,118.35,128.72,138.82,146.74,4.916919224,4.677525757,3.583951685,3.22603594
NEM,37.94,35.51,39.6,38.59,34.92887097,33.68031746,36.31746032,36.77428571,32.4,32.23,31.89,34.59,1.600268528,0.767702833,2.012376198,0.954650273
NFLX,148.06,165.88,189.08,202.68,140.3095161,153.8355556,174.4003175,192.5538095,127.49,139.76,146.17,177.01,4.951143742,7.052626319,11.32845888,5.431155176
NFX,43.67,37.14,29.84,33.31,38.90403226,32.93126984,26.88047619,30.33293651,33.36,27.4,24.51,27.81,3.345547302,2.989195324,1.456434476,1.199407661
NI,24.09,26.44,27.23,27.58,22.88016129,24.92047619,26.29952381,26.55293651,21.84,23.66,25.17,24.66,0.716406085,0.918737613,0.594500139,0.734259356
NKE,58.68,59,60.14,64.81,55.24967742,53.94365079,56.13253968,57.49070635,51.98,51.1,51.85,50.83,2.000595786,1.543024158,2.853800504,4.404062016
NLSN,45.5,42,43.25,41.76,42.79951613,39.71111111,39.9268254,38.00079365,40.54,37.14,37.16,35.67,1.55892715,1.36157062,1.527593327,1.891119571
NOC,248.6,261.27,287.72,310.47,237.5470968,250.1569841,269.1595238,300.334127,226.96,236.1,257.7,289.9,5.842164821,6.967325037,6.715879936,5.375310234
NOV,41.74,39.68,36.3,36.03,38.96854839,34.50714286,32.66333333,33.82666667,37.4,31.64,29.94,31.51,0.996519923,2.19572343,1.862123311,1.258388627
NRG,18.73,18.9,25.86,29.49,16.57983871,16.76730159,23.64412698,27.21412698,12.3,14.6,16.12,24.77,1.484819901,1.185895886,2.493214427,1.48547661
NSC,123.53,124.5,143.72,145.91,116.94,117.52,121.8650794,134.2765079,106.99,111.58,112.48,126.42,4.842645599,3.136343155,6.036629286,6.00825109
NTAP,43.01,41.65,44.86,58.58,39.42516129,39.85857143,41.28428571,50.19174603,35.23,37.97,37.98,43.42,2.510314945,0.817596511,2.226515949,6.082397538
NTRS,90.49,97.21,98.98,100.32,86.94177419,89.9252381,90.33206349,95.27873016,82.67,85.03,86.51,91.1,2.362218688,3.235065367,3.785698537,2.45984165
NUE,64.72,62,60.92,64.73,61.08758065,58.64460317,56.52984127,58.49603175,56.93,54.6,53.48,54.79,1.906947338,1.809770815,2.212099056,2.79118748
NVDA,119.13,159.94,187.55,216.96,106.4301613,127.0452381,166.2857143,198.6855556,97.67,95.49,139.33,179,5.214367444,22.59882725,9.13507309,10.32087452
NWL,49.6,54.85,53.9,43.9,47.42806452,50.70269841,48.67095238,34.47428571,44.23,45.48,30.81,27.97,1.108260842,3.232869596,4.726854548,5.757098203
NWS,13.7,14.3,14.85,16.9,12.88790323,13.46269841,13.91428571,15.26190476,12.05,12.7,13.3,13.55,0.424909391,0.481845265,0.454229991,1.224142698
NWSA,13.33,13.85,14.43,16.59,12.52435484,13.07746032,13.53,14.96634921,11.69,12.33,13,13.18,0.439077352,0.44914962,0.427177534,1.250479007
O,63.19,62.07,59.9,57.8,59.76790323,57.0947619,57.32174603,55.98936508,57.15,53.21,53.6,53.44,1.240631961,2.599849783,1.305333402,0.973182132
OKE,58.83,56.33,56.88,56.7,54.99629032,51.73857143,54.00380952,53.36738095,52.2,47.41,50.36,50.02,1.605377473,2.366573579,1.880005515,1.965992292
OMC,87.39,86.17,83.24,76.37,85.31419355,83.38396825,77.06507937,71.73825397,84.09,80.28,71.73,65.52,0.745602514,1.236470705,3.523090136,3.208093364
ORCL,45.73,50.95,52.8,50.9,41.63806452,45.57460317,49.75444444,49.05087302,38.45,44,47.92,47.28,2.142043485,1.863475616,1.285775501,0.977750685
ORLY,282.81,269.28,220.41,251.07,270.93,244.9295238,197.9952381,223.3244444,254.35,216.04,172.85,202.72,6.393735664,13.69013813,11.08152747,15.61954573
OXY,72.27,65.06,65.19,73.7,66.52677419,61.2115873,60.90031746,67.8718254,62.06,58.02,58.68,63.91,2.619379087,1.52527333,1.620259804,2.884846435
PAYX,62.86,61.13,60.35,70.25,60.77080645,58.71634921,57.10888889,65.62777778,57.57,56.69,54.24,59.81,1.488797841,1.018785332,1.420188664,2.318555198
PBCT,19.69,18.1,18.14,19.26,18.91580645,17.37888889,17.25349206,18.52103175,17.77,16.57,16.07,17.71,0.474384151,0.412056648,0.507114413,0.372728777
PCAR,70.07,68.06,72.69,74.92,67.56596774,64.8147619,67.65857143,70.94984127,65.07,62.32,63,66.69,1.162286412,1.680016184,2.465113919,1.981128297
PCG,67.86,69.22,71.56,69.2,63.76048387,67.34349206,68.52936508,56.0122873,60.07,65.33,65.04,44.45,2.550027597,1.031238151,1.609919727,6.172935702
PCLN,1789.2,1911.13,2049,1942.11,1649.484194,1832.806349,1896.753175,1811.214603,1477.57,1738.77,1789.91,1645.72,95.25900939,48.43660833,80.65190724,91.38943838
PDCO,45.89,47.93,47.51,39.86,43.38887097,45.08015873,39.91936508,36.50492063,40.31,42.51,36.27,33.38,1.67933838,1.578713739,2.781545099,1.559795141
PEG,45.98,45.68,47.3,53.07,44.15096774,44.19746032,45.29809524,50.39460317,43.06,42.7,41.85,46.25,0.744326541,0.73581416,1.570387108,1.726394551
PEP,112.45,118.01,119.1,119.92,107.288871,114.7126984,115.5165079,114.1980952,101.55,111.58,111.1,109.12,3.461775866,2.075992733,1.788225971,3.439882245
PFE,34.63,34.34,35.99,37.2,33.23129032,33.23873016,33.87507937,35.93936508,31.15,31.75,32.67,35.06,1.104915224,0.732185179,0.9704021,0.507456888
PFG,64.2,65.88,67.37,71.76,60.99532258,63.43571429,64.32666667,68.89253968,57.09,60.55,59.92,64.92,2.195074007,1.261493884,1.855877325,1.757896441
PG,91.67,90.8,94.4,93.14,88.67080645,88.14809524,91.04460317,89.93412698,83.49,85.87,86.7,86.05,2.595440073,1.434620167,2.176253681,2.139090578
PGR,40.31,44.83,48.89,56.51,38.15774194,41.53301587,46.77111111,51.73380952,35.53,38.87,43.73,48.09,1.471447842,1.996389188,1.35101767,2.787368066
PH,160.32,165.22,177.11,199.69,151.8030645,158.4590476,164.1949206,185.911746,140.78,152.29,155.15,176.16,6.13076536,2.693966804,6.056538954,6.805497905
PHM,23.83,24.53,27.33,34.44,21.54112903,23.33777778,25.31619048,31.05404762,18.46,22.15,24.16,26.85,1.701708982,0.653673107,0.753438202,2.572262067
PKG,96.62,112.77,119.28,120.92,91.68983871,100.6938095,111.8638095,116.0464286,85,90.02,106.51,109.23,3.046010286,6.257045945,3.00593361,2.949019852
PKI,58.06,68.45,69.94,73.84,54.53145161,62.12333333,67.08492063,71.75412698,51.57,56.95,62.95,69.36,1.912784295,3.528431069,1.946700163,1.217118006
PLD,54.11,59.19,65.29,67.4,50.8783871,55.67984127,61.61460317,65.30944444,48.44,52.24,56.94,63.01,1.402246668,1.748373892,2.265756176,1.148968019
PM,114.01,122.9,121.62,115.17,103.1741935,115.8157143,116.362381,106.5560317,90.4,109.62,111.01,102.05,8.14941767,4.068270899,2.220158897,3.813187025
PNC,130.85,125.25,134.77,146.26,122.4859677,120.6192063,128.3569841,138.1860317,113.93,115.8,120.71,132,4.081151581,2.266989123,3.070543524,4.691724884
PNR,63.07,67.73,69.19,71.17,59.49306452,65.07238095,64.04063492,69.60698413,56.57,62.16,60.74,67.47,1.674351931,1.524557804,2.371198059,0.844260766
PNW,84.2,89.22,90.75,91.81,79.92870968,86.14412698,87.5931746,88.28698413,76.44,83.51,84.2,84.29,2.592903609,1.703182633,1.940748796,2.010047853
PPG,106.83,111.57,113.6,118.67,101.2512903,108.194127,106.4879365,115.3485714,95.25,104.42,100.73,111,2.915231613,2.211694457,3.249910251,1.728542979
PPL,37.7,40.06,39.83,38.37,35.76870968,38.67349206,38.6668254,35.92025556,33.94,37.11,37.36,30.76,1.175564718,0.818736554,0.582084201,2.139305921
PRGO,87.23,76.5,89.01,88.58,76.04209677,71.70571429,77.76857143,85.88126984,66.39,66.14,66.37,80.7,6.071643615,3.010529218,5.69842051,2.010117548
PRU,113.82,109.13,115.23,117.15,107.9085484,106.1684127,106.8625397,112.2679365,103.92,102.92,98.65,107.28,2.867962004,1.779800828,4.604674332,2.928700118
PSA,229.33,231.19,218.31,218.56,221.4977419,215.021746,206.7049206,211.356627,213.29,205.53,196.29,203.72,4.50517823,7.309427527,5.376210403,3.096968964
PSX,87.26,82.69,91.8,102.06,80.55758065,78.5047619,84.70396825,95.06928571,76.84,75.33,80.89,90.24,2.740891733,1.605683311,2.843966755,3.504414251
PVH,103.84,114.5,129.6,137.56,92.51548387,103.6920635,121.8474603,130.6368254,85.48,97.47,110.88,122.74,3.97745766,3.836596761,5.540525178,4.59256546
PWR,38.47,36.48,37.59,39.5,36.5166129,33.30968254,35.06253968,37.51611111,34.14,30.66,32.67,35.35,1.196448218,1.867662821,1.459171183,1.084950365
PX,120.36,136.62,141.06,156.36,117.5687097,128.245873,133.2887302,148.3647619,115.67,117.47,127.44,139.9,1.076876911,6.046937011,2.883104002,4.795811296
PXD,198.9,190.44,163.94,173.99,185.5035484,170.967619,143.7533333,154.0419048,174.95,154.27,127.94,142.24,5.196437335,9.740797098,13.53143032,7.986133114
PYPL,43.54,54.39,65.08,78.57,41.83693548,49.14587302,59.90492063,72.31015873,39.31,42.49,52.87,64.01,1.121652161,4.043180493,2.773362855,3.732022928
QCOM,66.88,59.28,56.81,68.91,58.02016129,55.86555556,52.88555556,60.64333333,52.66,52.5,49.64,51.01,4.127452075,1.921803402,1.71355674,6.16675138
QRVO,69.08,79.06,75.49,80.82,64.25145161,71.49936508,69.75611111,72.88365079,52.9,63.32,63,65.23,4.485314415,4.345602105,2.706271308,4.546803663
RCL,100.32,113.91,124.46,129.23,93.51951613,106.1571429,116.9798413,123.7469048,83.87,94.36,108.57,119,5.115265302,6.035603086,4.303237151,2.263692464
RE,239.15,258.12,271.12,240.51,228.3630645,246.832381,252.0461905,225.4896825,216.04,230.63,211.94,210.36,7.324635187,8.322823597,17.81293644,7.655951505
REG,71.7,68.49,67.3,70.37,68.53935484,63.14825397,64.39349206,66.0284127,62.58,58.96,61.4,61.55,2.126257291,2.555438565,1.558519933,2.466044375
REGN,397.8,526.53,521.22,469.95,370.663871,437.6079365,475.838254,404.9993651,340.75,366.06,431.38,358.63,13.32162674,49.70883001,26.29965519,30.61993926
RF,15.91,14.66,15.23,17.49,14.755,14.07650794,14.37968254,15.98944444,13.78,13.34,13.17,14.78,0.497369309,0.341435106,0.440783643,0.87158648
RHI,50.91,48.99,50.41,57.04,48.32048387,46.75285714,46.1931746,53.20396825,46.23,44.49,43.24,48.74,0.914617948,1.000368365,2.233686975,2.209122976
RHT,86.73,99.42,110.86,129.44,79.46919355,89.23412698,102.3326984,122.5738095,70.12,84.68,94.79,111.93,4.549912375,3.637337574,4.567084976,3.937296612
RJF,81.04,80.71,85.37,90.64,76.32806452,75.50666667,80.88920635,86.42761905,69.68,71.78,74.81,82.79,2.476756763,2.235747692,2.535569734,2.110342973
RL,91.15,84.05,92.15,103.69,82.53322581,75.00412698,82.37047619,92.3302381,75.98,66.11,70.53,85,4.674981467,5.339429302,7.253434654,5.662347657
RMD,72.95,78.91,81.38,86.44,69.10790323,71.54619048,76.49587302,82.61492063,61.87,67.46,72.44,76.14,3.455553922,3.488806261,2.255732221,3.357461538
ROK,156.47,164.09,178.21,200.83,149.4309677,157.7373016,166.4339683,190.6274603,137.74,148.43,159.57,180.7,5.865208537,3.538684924,5.417236392,4.868367935
ROP,213.93,235.25,246.56,267.21,200.4754839,221.3887302,234.8907937,256.714127,184.93,205.01,227.79,247.8,10.40430801,9.127110713,4.531740498,4.126945146
ROST,69.15,66.05,64.84,80.96,66.83306452,62.41222222,57.5368254,69.93301587,65.11,55.97,53.03,62.91,1.126290282,2.613765325,3.131167888,6.476977998
RRC,35.71,29.9,23.49,20.58,30.88483871,25.21142857,19.32746032,17.98968254,26.8,21.22,16.58,15.63,2.858356596,2.430936934,1.975429695,1.315785021
RSG,63.69,65.11,66.94,67.61,59.83016129,63.31063492,65.00301587,64.46952381,56.42,61.25,63.58,62.33,2.524329804,0.848771167,0.935256796,1.364594266
RTN,156.97,164.26,186.58,191.38,150.4551613,158.492381,176.1988889,186.4912698,142.9,149.95,162.57,179.58,3.714089585,4.160093716,6.709256752,2.568068492
SBAC,120.37,138.69,153.55,172.35,110.4504839,129.9354762,142.371746,158.8593651,102.6,119.08,133.6,142.87,5.660387645,5.371110049,6.055160566,8.782215694
SBUX,58.7,64.57,59.5,59.7,56.58774194,60.46634921,55.41238095,56.59412698,53.87,57.51,52.7,53.81,1.270990861,1.784859533,1.915933794,1.620702391
SCG,73.28,71.22,67.15,49.85,69.01887097,67.13619048,61.26746032,44.70587302,65.35,64.88,48.49,37.39,1.978919315,1.719136532,3.774092913,3.147021959
SCHW,43.53,43.01,44.04,52.28,41.29096774,40.03269841,41.51920635,46.97809524,39.17,37.53,38.11,43.27,0.992367115,1.45521776,1.658764894,3.120713761
SEE,50.22,46.41,46.12,49.66,47.01032258,44.12253968,44.29539683,45.94793651,43.3,42.3,41.72,43.01,1.789449927,0.91420681,1.147397933,1.978738731
SHW,315.36,361.03,359.72,414.34,302.1548387,335.2301587,344.2068254,394.397619,274.54,308.35,328.97,359.43,12.77784593,15.15197416,8.72409175,11.29066339
SIG,95.63,68.64,69.75,76.58,74.78741935,61.33587302,61.52634921,61.12301587,63.25,47.88,51.89,49.8,7.591702316,5.419118675,4.409781394,7.512986528
SJM,141.92,131.08,123.18,125.27,135.9170968,126.3698413,114.2377778,111.1101587,128.01,118.02,104.24,99.99,3.940218179,3.011475628,6.977049114,7.81784301
SLB,87.48,79.65,69.76,69.32,81.76612903,71.65952381,66.11619048,64.79603175,76.96,65.25,62.88,61.31,2.891147231,4.112294873,2.000265651,2.423292575
SLG,113.75,109.73,107.52,105.01,108.9367742,105.2698413,100.18,100.5655556,104.62,101.03,95.45,94.15,2.305293818,2.315978503,2.981075796,2.98509025
SNA,181.53,175.26,159.02,175.88,172.0667742,163.6547619,150.2479365,161.6820635,164.91,153.24,141.51,147.9,4.116051655,5.798411589,4.292413096,8.33185747
SNI,82.46,78.18,88.05,86.28,77.29774194,70.4147619,82.30666667,82.64761905,72.37,65.89,67.02,78.07,2.231675412,4.07315676,7.143431226,2.287424044
SNPS,72.26,76.12,81.15,90.51,66.92193548,73.56309524,77.57904762,86.51349206,59.37,70.93,72.12,81.18,4.730262128,1.414162361,2.300358818,2.462703182
SO,51.01,51.71,50.64,53.25,49.41903226,50.13571429,48.48063492,50.9531746,47.8,47.88,46.78,48.05,0.793687616,0.719152086,0.980917729,1.234804184
SPG,186.83,174.73,166.37,171.74,178.658871,162.8034921,159.7009524,162.3979365,165.4,152.26,153.23,154.99,6.735618828,6.762875929,3.101727258,4.143555493
SPGI,132.59,149.4,156.82,172.57,124.3190323,138.8509524,151.945873,163.2561111,108.39,128.28,145.72,155.5,7.116449822,6.440816847,2.58794079,4.800732088
SRCL,85.76,87,82.76,72.69,80.34096774,82.16460317,73.57619048,67.88873016,73.71,76.32,69,62.5,2.853623357,3.09674586,2.921507249,3.106875047
SRE,112.47,117.5,120.06,122.23,106.1559677,113.0850794,115.7187302,115.9431746,100.82,109.44,110.53,106.91,3.877290105,2.117000216,2.69847298,3.915869213
STI,61.39,58.16,59.77,66.03,57.30258065,55.56507937,56.51190476,61.05761905,53.84,53.37,52.3,56.79,2.005609294,1.394961987,1.479606374,2.890737552
STT,82.93,89.73,95.95,99.29,79.31129032,83.17285714,93.11539683,95.5952381,75.97,77.3,90.2,90.28,1.832502082,3.817795525,1.532783495,2.857307472
STX,49.48,50.51,39.76,42.99,44.38435484,43.64142857,33.9747619,38.20301587,36.34,38.75,30.95,33.5,4.126866243,2.747568343,2.880512307,2.867200858
STZ,164.61,193.73,204.62,228.57,155.8662903,177.9944444,197.8985714,216.1604762,146.75,161.4,191.73,199.08,5.242647071,6.708954723,3.437519669,6.312812478
SWK,132.87,143.05,152.3,170.03,125.4372581,137.1479365,143.8255556,163.6739683,115.75,130.57,137.07,154.53,4.753370562,3.414725776,4.267986523,4.555554405
SWKS,99.11,111.01,109.55,116.33,91.27612903,102.5761905,103.7407937,104.3003175,74.57,95.95,95.34,94.09,7.6456177,3.306412845,2.869860231,6.090243644
SYF,37.93,33.9,31.19,38.97,35.87387097,29.64539683,29.91063492,34.21928571,32.74,26.5,28.55,30.64,1.157381662,2.478376046,0.671094131,2.658522792
SYK,132.83,144.7,147.8,159.74,126.3245161,137.2152381,143.3639683,152.5814286,117.75,129.93,138.22,143.51,4.549203021,4.392259635,2.730747587,3.76969232
SYMC,30.83,33.14,34.16,33.92,28.36395161,30.25507937,30.48206349,29.90706349,24.01,28.06,27.47,27.36,1.884868378,1.201551246,1.859992333,2.001896608
SYY,55.68,55.73,54.39,62.64,52.99435484,53.3968254,52.02888889,56.68190476,51.2,49.27,49.11,52.59,1.123967827,1.68083104,1.366599395,2.95933725
T,43.02,41.69,39.41,39.51,41.66596774,39.0284127,37.58571429,36.15405397,40.61,37.46,35.59,32.86,0.565504155,1.045619443,1.017523423,2.081941006
TAP,101.59,96.86,91.83,84.35,97.64290323,92.65571429,87.98301587,80.87714286,94.89,85.77,81.35,76.52,1.618894975,3.734158676,2.66740942,1.745253867
TDG,256.11,273.25,287.6,284.97,238.6141935,253.8301587,270.627619,271.6463492,210.04,218.76,250.43,258.18,14.91399602,14.95373311,11.36211528,6.304008786
TEL,76.53,80.03,83.22,96.23,73.55241935,76.52333333,80.40238095,92.00031746,67.31,71.93,77.61,83.79,2.648322504,2.407026676,1.624845118,3.602040178
TGT,73.81,58.41,59.96,65.82,62.23322581,54.63365079,56.0068254,60.37206349,53.12,50.52,50.18,54.16,6.314254437,1.948495947,2.48042909,2.704338902
TIF,96.41,94.69,96.48,105.24,85.33951613,91.79444444,91.56619048,95.32761905,76.81,85.03,87.55,90.87,6.559763697,2.007459298,2.485258751,3.554039371
TJX,79.77,80.72,74.16,77.45,77.07387097,75.39555556,71.23968254,72.51873016,74.04,68.75,66.9,67.94,1.593446985,2.943988285,1.655110335,2.55651823
TMK,78.71,77.77,80.09,91.16,75.9333871,76.04873016,77.93365079,85.81333333,73,74.11,74.68,80.32,1.850468212,0.874802267,1.063021108,3.351433492
TMO,161.05,176.44,194.04,200.37,152.8441935,167.9687302,181.1188889,191.5744444,140.98,152.18,171.74,182.03,5.895864221,8.577583405,6.524775144,3.230563607
TPR,41.69,47.34,48.74,44.95,37.68451613,43.83904762,44.04952381,41.22238095,34.99,38.74,39.15,38.87,1.735749167,3.064865789,3.467315792,1.498516163
TRIP,52.92,47.99,45.81,43.61,47.41774194,41.3552381,40.62285714,36.12857143,40.82,35.74,36.19,30.06,4.554297347,3.430218585,2.606944311,3.59231521
TROW,76.97,75.04,90.65,105.36,70.90951613,71.51619048,82.71063492,97.52825397,66.45,68.2,74.23,90.68,2.545766932,1.622266861,3.317416345,4.577458987
TRV,124.99,129.44,130.15,136.36,120.1817742,123.0884127,124.8879365,131.9707143,116.54,118.88,115.18,123.32,2.275687988,3.043436198,3.555354507,3.605492658
TSCO,77.36,70.47,63.29,75.3,72.8,59.52190476,56.72396825,64.20222222,67.97,52.53,49.99,57.35,2.408877026,5.28731649,4.069167918,5.20241428
TSN,65.39,65.39,70.45,83.62,63.00790323,61.30269841,63.90698413,76.51714286,61.21,57.34,58.58,70.04,1.188621101,2.477026838,2.243184398,4.974406896
TSS,55.28,59.64,70.04,79.99,53.33532258,57.20857143,64.64269841,72.71174603,50.32,52.12,57.62,65.56,1.222716296,2.585264607,3.234868101,4.12871164
TWX,98.96,100.41,103.22,103.64,96.78016129,99.02873016,101.428254,94.47206349,93.4,96.75,99.1,87.05,1.411181916,0.763712267,1.10448578,5.580598927
TXN,82.2,84.34,89.65,104.82,77.45032258,80.16420635,82.24142857,97.36904762,72.92,76.9,76.41,89.65,2.531541983,1.424499405,2.826209052,3.806313395
TXT,50.3,48.57,53.96,57.18,48.23145161,47.03777778,49.67793651,54.45761905,46.15,45.37,47.43,52.47,1.03421919,0.724912552,1.848105533,1.213548136
UA,27.32,21.25,20.52,15.91,20.82758065,18.84793651,16.84126984,13.09428571,17.44,17.53,15.02,10.59,3.548650025,0.940586911,1.482462524,1.693515826
UAA,30.71,23.14,22.28,17.48,23.30241935,20.3552381,18.35555556,14.44777778,18.98,18.89,16.15,11.61,4.396081223,1.052365779,1.639710614,1.804467077
UAL,75.96,82.03,80.53,67.99,72.27758065,75.5047619,66.6084127,62.33484127,65.28,67.75,57.54,57.2,2.723187432,4.048640894,6.723607232,3.391078305
UDR,36.5,40.49,39.79,40.05,35.75048387,38.07142857,38.77253968,38.87984127,34.48,35.97,37.75,37.68,0.545567617,1.382013325,0.496104074,0.58217194
UHS,126.65,125.07,125,115.06,118.1901613,119.0328571,112.534127,106.8704762,106.71,112.33,105.37,95.77,5.760244329,3.564041032,6.339743466,5.762291331
ULTA,288.81,313.73,283.36,228.57,273.7462903,291.8480952,240.7147619,211.5952381,256.68,277.99,207.75,190.16,8.031734034,9.608905623,18.01820915,10.81208372
UNH,171.78,186.5,199.75,228.17,163.7724194,175.3547619,193.1903175,211.9277778,157.62,164.96,185.48,192.52,3.525027932,6.432435664,3.907285985,9.461338895
UNM,49.86,47.9,51.33,57.49,46.83225806,45.99285714,48.77746032,53.68079365,43.91,43.8,46.43,51.53,1.682791805,0.852068505,1.252335841,1.642465988
UNP,110.42,113.53,116.64,136.32,106.6453226,109.0474603,107.2611111,120.6069841,102.13,104.78,101.4,110.38,2.271993216,1.891090288,4.223617969,7.990749215
UPS,118.09,111.01,120.09,123.72,109.2617742,106.8911111,113.701746,117.5250794,104.78,102.87,107.79,112.55,4.16269952,2.16614576,2.841562235,2.561385004
URI,133.36,125.96,138.74,173.33,121.6506452,111.6487302,119.5022222,152.1955556,106.16,101.62,107.26,138.88,7.699079117,6.088330586,7.832692744,10.32807539
USB,56.41,52.94,54.15,55.63,53.3183871,51.5068254,52.32301587,53.80912698,50.31,49.69,49.86,51.61,1.62985486,0.716190246,0.872640847,1.11185385
UTX,113.68,122.5,123.71,128.12,111.4937097,119.0187302,117.5609524,120.6469841,108.18,111.93,109.55,116.38,1.174476143,3.482057925,4.151293119,3.375660334
V,90.24,96.55,106.21,114.35,86.02177419,92.81,101.4225397,110.4361905,79.5,88.68,93.25,105.31,3.259809672,2.316081229,3.519296561,2.425571717
VAR,92.42,105.03,107.87,112.42,86.60306452,96.31301587,102.631746,107.4995238,77.65,88.37,95.88,100.1,4.535776756,5.626544128,3.462514255,3.651428544
VFC,56.2,57.85,63.95,74.61,52.39451613,54.8,61.29111111,70.15825397,48.32,51.62,55.72,63.71,1.577529379,1.461315139,2.664674592,3.515441302
VIAB,46.62,45.71,36.22,32.23,42.21064516,38.05984127,30.8384127,27.15555556,35.9,33.57,27.11,23.27,2.369450978,4.386748922,3.224267962,2.445109522
VLO,70.42,67.47,76.93,92.3,66.92306452,64.85825397,68.86,82.50126984,65.11,61.47,64.55,76.29,1.02791463,1.458282839,2.846514564,4.721308762
VMC,135.28,133.48,130,128.37,122.2982258,125.5715873,120.0446032,122.1788095,112.5,116.9,112.57,116.28,5.48890969,4.307095124,4.734632467,2.774033792
VNO,110.85,103.06,97.03,79.89,105.7491935,95.85365079,79.1747619,76.53388889,99.7,91.26,73.37,72.38,2.91221019,3.637185327,7.099645347,1.80053743
VRSK,85.19,84.37,87.32,96.45,82.11032258,80.9531746,82.85301587,90.51555556,79.35,76.75,79.23,83.33,1.589343578,1.85360662,2.24456881,4.969454691
VRSN,87.44,93.96,106.39,117.24,83.08548387,90.31333333,100.6880952,111.6195238,77.31,87.11,93.25,106.49,2.598910666,2.019025635,3.279229776,3.125884354
VRTX,109.35,135.53,166.11,155.55,88.03983871,120.3763492,150.5147619,148.0674603,74.89,107.45,128.23,137.28,6.278686949,6.324330208,10.22367491,4.674114706
VTR,65.41,71.93,69.98,65.39,62.26854839,66.55809524,67.43285714,63.2084127,59.36,62.63,64.8,59.84,1.45207127,2.373392058,1.299906236,1.359231527
VZ,54.64,49.31,49.9,53.43,50.17032258,46.58111111,47.05111111,49.17539683,48.03,44.41,42.89,44.11,1.722421064,1.336372209,2.177476426,2.691547597
WAT,158.31,186.33,190,200.27,149.3487097,173.7626984,181.3247619,193.0953175,135.49,154.83,172.58,180.92,6.948111545,10.60143207,4.113452305,5.525094283
WBA,87.61,86.54,82.74,76.95,83.86209677,82.2831746,80.1331746,70.43714286,80.47,76.34,77.16,64.48,1.902034404,2.741785282,1.590760444,2.726494517
WDC,83.75,93.67,95.01,92.91,76.00387097,87.89444444,87.78365079,85.18666667,69.43,82.14,79.19,77.11,3.235133136,2.925249246,4.10074002,4.04653695
WEC,61.16,64.23,67.04,69.53,58.94,61.77412698,63.8131746,67.09753968,57.03,59.77,60.72,63.32,1.108129424,1.274874611,1.636900913,1.636149806
WFC,59.73,55.78,55.78,61.61,56.73983871,53.57793651,53.15190476,56.47801587,53.78,51.14,49.58,53.19,1.585068124,1.164518672,1.69715783,2.534587124
WHR,190.2,196.87,198.34,185.82,177.5930645,182.9279365,178.8250794,169.427619,169.85,165.6,167.35,160.99,5.49546358,9.092073144,9.164819811,7.057519375
WLTW,131.93,149.65,155.83,164.02,127.1440323,139.695873,149.3236508,157.962381,122.54,126.28,144.5,150.69,2.303800466,7.602317905,2.646877224,3.568300722
WM,73.78,74.25,78.62,86.3,71.36016129,72.81047619,75.99238095,81.40492063,69.18,70.5,73.39,76.28,1.53646549,0.885090534,1.506796125,3.159881007
WMB,32.42,30.81,31.99,30.51,28.91096774,29.78952381,30.41555556,29.08206349,27.97,27.85,29.01,27.02,0.949515337,0.76993177,0.785981568,0.961942186
WMT,72.39,80.26,81.61,99.62,69.03903226,76.16047619,78.70365079,91.78904762,65.66,71.43,73.23,78.45,1.691675578,2.267691329,2.089915341,6.291358311
WRK,55.62,57.95,59.73,64.42,52.77322581,54.22809524,57.08190476,60.71634921,50.87,49.34,54.33,57.89,1.085279709,2.210640585,1.335442245,2.128174518
WU,22.57,20.13,19.75,20.31,20.39467742,19.35492063,19.06301587,19.62388889,19.53,18.78,18.47,18.8,0.922998886,0.366253363,0.299044904,0.317522471
WY,34.19,34.96,34.43,36.55,32.52548387,33.66444444,32.82349206,35.38206349,30.21,32.59,31.17,34.12,1.324074285,0.639217712,0.864879553,0.639160636
WYN,85.79,105.27,105.41,116.66,81.31903226,96.08809524,101.01,109.8219048,75.93,84,96.15,104.41,2.901289544,5.955403851,2.629449838,2.881370562
WYNN,115.49,138.42,148.92,170.21,99.73516129,125.8411111,136.3465079,154.2261905,87.46,113.47,125.63,140.76,7.457418079,7.514819361,6.58708442,8.682918238
XEC,142.47,121.91,115.51,125.97,129.7390323,110.1366667,99.78492063,116.5969841,116.65,91.33,91.6,110.1,8.004407538,10.39004936,6.252260978,3.918211259
XEL,44.93,48.32,50.51,51.8,42.37354839,46.03873016,47.98269841,49.62738095,40.29,44.4,45.53,47.18,1.43795403,1.253464222,1.364513628,1.294688235
XL,41.19,44.2,46.66,42.51,39.22693548,42.13809524,42.69920635,38.79698413,36.76,39.38,36.48,35.06,1.407262881,1.349307896,2.730600372,2.156841803
XLNX,60.32,68.07,70.83,74.5,58.77830645,63.11174603,65.3315873,70.94365079,57.37,55.1,61.02,67.42,0.757849061,3.91920768,2.588809794,2.018278811
XOM,90.89,83.49,82.19,84.02,83.54306452,81.81857143,79.40444444,82.70738095,80.93,79.5,76.1,80.24,2.366115021,0.843565507,1.725306684,0.949115827
XRAY,64.5,65.59,65.11,68.58,60.19024194,63.1784127,59.45031746,63.59206349,55.59,61.35,52.79,55.65,2.849969,0.975318321,3.851460539,3.524555409
XRX,30.16,29.29,33.95,33.46,28.86322581,28.25412698,31.49412698,30.36809524,27.56,27.52,28.35,28.08,0.784289956,0.390965038,1.483774214,1.782946869
XYL,50.39,55.43,64.75,69.34,48.73887097,52.07936508,59.77920635,66.39690476,47,48.88,54.34,63.23,0.828728247,1.636828043,2.943183651,1.629274633
YUM,68.65,74.82,77.8,83.47,65.11806452,69.58111111,75.23619048,79.10634921,63.18,63.55,72.65,73.75,1.463414869,3.901448495,1.261590686,3.168727383
ZBH,122.11,129.39,132.61,124.46,116.74,122.1155556,118.8588889,116.5387302,103.33,116.54,110.13,108.72,4.153589402,3.701750143,6.707635301,4.017839851
ZION,46.53,43.99,47.18,51.74,43.43629032,41.17777778,44.49761905,47.89111111,40.73,38.99,41.33,43.93,1.421013531,1.175161546,1.132644229,2.115930445
ZTS,55.98,63.51,65.4,72.8,54.03532258,59.05619048,62.63190476,68.68174603,52.51,52.54,59.73,63.24,0.856358508,3.873991202,1.435663112,3.41896067
